{
  "npz_load": {
    "count": 12689,
    "mean_ms": 0.6908394514934105,
    "median_ms": 0.6504999999989991,
    "std_ms": 0.12990165730814746,
    "min_ms": 0.5874000000005708,
    "max_ms": 5.4024999999988665,
    "p90_ms": 0.8059199999998158,
    "p95_ms": 0.8951000000010367,
    "p99_ms": 1.1864359999983518
  },
  "spectrogram": {
    "count": 12689,
    "mean_ms": 0.3452393884467027,
    "median_ms": 0.3223000000005527,
    "std_ms": 0.08317397138771479,
    "min_ms": 0.2876000000000545,
    "max_ms": 4.644500000001273,
    "p90_ms": 0.4101999999996053,
    "p95_ms": 0.4744000000002302,
    "p99_ms": 0.636572000000583
  },
  "inference": {
    "count": 12689,
    "mean_ms": 0.487175285680511,
    "median_ms": 0.47049218750000454,
    "std_ms": 0.08084339893981063,
    "min_ms": 0.46659648437500506,
    "max_ms": 0.881296093750001,
    "p90_ms": 0.47421835937500045,
    "p95_ms": 0.4765289276808024,
    "p99_ms": 0.881296093750001
  },
  "total": {
    "count": 12689,
    "mean_ms": 1.1175560406651388,
    "median_ms": 1.052800000000076,
    "std_ms": 0.18821540473572676,
    "min_ms": 0.9610000000002117,
    "max_ms": 5.836999999999648,
    "p90_ms": 1.2954999999980288,
    "p95_ms": 1.4265599999994547,
    "p99_ms": 1.8552320000000566
  }
}