feature,MI,nMI,nMI_source,H_Y_nats,eval_split,perm_macroF1_drop_mean,perm_macroF1_drop_std,perm_macroF1_baseline,rank_nMI,rank_perm_macroF1_drop,nMI_norm,perm_norm,nMI_plus_perm_norm,group_id,group_name
spec_gini,0.5552616506614643,0.6654339241466964,trainval,0.8344354420666049,test,0.0002413821363985,0.000778035178938,0.970556108470872,3,33,0.9502802256942788,0.0050048365599965,0.9552850622542752,9,"Inequality, Symmetry, DC Notch & Peakiness (6)"
spec_peakiness_ratio,0.5251050067705494,0.6292937479621525,trainval,0.8344354420666049,test,0.0004217078799219,0.0006398738199921,0.970556108470872,8,21,0.8986698500655961,0.0087437249771774,0.9074135750427736,9,"Inequality, Symmetry, DC Notch & Peakiness (6)"
spec_symmetry_index,0.4955474975791309,0.5938715838241878,trainval,0.8344354420666049,test,-3.194677496317633e-05,0.0010129395553542,0.970556108470872,14,53,0.8480848394279595,-0.0006623869922408,0.8474224524357187,9,"Inequality, Symmetry, DC Notch & Peakiness (6)"
env_p95_over_p50,0.4047980535146191,0.4851160834109297,trainval,0.8344354420666049,test,0.0002710247711708,0.0009379790051661,0.970556108470872,27,30,0.6927753522978417,0.0056194493248707,0.6983948016227124,9,"Inequality, Symmetry, DC Notch & Peakiness (6)"
env_gini,0.298114679578312,0.3572651214814009,trainval,0.8344354420666049,test,-7.000942137347365e-07,0.0003155115710951,0.970556108470872,38,50,0.5101963815707051,-1.4515809531807465e-05,0.5101818657611733,9,"Inequality, Symmetry, DC Notch & Peakiness (6)"
dc_notch_ratio,0.1254515534232034,0.150343030867078,trainval,0.8344354420666049,test,-0.000284344697978,0.0010276573487734,0.970556108470872,59,60,0.2146990168665239,-0.0058956257547254,0.2088033911117985,9,"Inequality, Symmetry, DC Notch & Peakiness (6)"
