feature,MI,nMI,nMI_source,H_Y_nats,eval_split,perm_macroF1_drop_mean,perm_macroF1_drop_std,perm_macroF1_baseline,rank_nMI,rank_perm_macroF1_drop,nMI_norm,perm_norm,nMI_plus_perm_norm,group_id,group_name
spec_flatness,0.5688098519882239,0.6816702926465835,trainval,0.8344354420666049,test,0.0009144056279784,0.0009139559116496,0.970556108470872,2,12,0.9734667500998588,0.0189593595692497,0.9924261096691084,2,Global Spectral Shape Features (6)
spec_spread_Hz,0.5320964674907831,0.6376724197775757,trainval,0.8344354420666049,test,0.0005595548806888,0.0005351629863975,0.970556108470872,6,19,0.9106351043979306,0.0116018557378771,0.9222369601358076,2,Global Spectral Shape Features (6)
spec_peak_power,0.4971097714630235,0.5957438363737958,trainval,0.8344354420666049,test,0.0016483160762344,0.0020467444386991,0.970556108470872,13,8,0.8507585302495984,0.0341763176175906,0.884934847867189,2,Global Spectral Shape Features (6)
spec_centroid_Hz,0.4510850363336864,0.5405871006827161,trainval,0.8344354420666049,test,0.0003716284852235,0.0005588082399852,0.970556108470872,23,24,0.7719913479056997,0.0077053747942311,0.7796967226999308,2,Global Spectral Shape Features (6)
spec_rolloff95_Hz,0.406831220934615,0.4875526618656516,trainval,0.8344354420666049,test,2.368881081606933e-05,0.0003013389189348,0.970556108470872,26,42,0.6962549349278437,0.000491165701837,0.6967461006296808,2,Global Spectral Shape Features (6)
spec_peak_freq_Hz,0.316837707274282,0.3797030798327379,trainval,0.8344354420666049,test,-0.0003474293236919,0.0005576342440738,0.970556108470872,34,64,0.5422391544930049,-0.0072036274397606,0.5350355270532442,2,Global Spectral Shape Features (6)
