feature,MI,nMI,nMI_source,H_Y_nats,eval_split,perm_macroF1_drop_mean,perm_macroF1_drop_std,perm_macroF1_baseline,rank_nMI,rank_perm_macroF1_drop,nMI_norm,perm_norm,nMI_plus_perm_norm,group_id,group_name
bandpower_6,0.5332804116127812,0.6390912762430512,trainval,0.8344354420666049,test,0.0037870751043312,0.0018292523415335,0.970556108470872,5,3,0.9126613179607104,0.0785215187022679,0.9911828366629782,3,Band Power Distribution (8)
bandpower_5,0.5040710424155197,0.604086328316918,trainval,0.8344354420666049,test,0.0025220043038854,0.0009609937639967,0.970556108470872,12,5,0.862672117517829,0.0522914393454357,0.9149635568632648,3,Band Power Distribution (8)
bandpower_4,0.4627185839386774,0.5545289193286004,trainval,0.8344354420666049,test,0.00249830022771,0.0012319317720142,0.970556108470872,19,6,0.7919011151848306,0.0517999571304149,0.8437010723152456,3,Band Power Distribution (8)
bandpower_7,0.4900499620234915,0.5872832544238642,trainval,0.8344354420666049,test,0.0001651339437006,0.0014935609491878,0.970556108470872,15,38,0.8386763032498317,0.0034239004222128,0.8421002036720445,3,Band Power Distribution (8)
bandpower_0,0.4851005799633663,0.5813518404275132,trainval,0.8344354420666049,test,7.724416727019622e-05,0.0010881994189042,0.970556108470872,17,41,0.8302058823310808,0.0016015867543822,0.8318074690854631,3,Band Power Distribution (8)
bandpower_2,0.4624901392678555,0.5542551477948122,trainval,0.8344354420666049,test,0.0014331683895753,0.0008079946737939,0.970556108470872,20,9,0.7915101527384082,0.0297154282408705,0.8212255809792788,3,Band Power Distribution (8)
bandpower_1,0.4835034995722409,0.5794378752354667,trainval,0.8344354420666049,test,-0.0005251458797798,0.0009991283038124,0.970556108470872,18,70,0.8274726233121614,-0.010888416755557,0.8165842065566045,3,Band Power Distribution (8)
bandpower_3,0.2539649397960353,0.3043554084508358,trainval,0.8344354420666049,test,0.0003994989875334,0.0008919059087038,0.970556108470872,44,22,0.4346380846224708,0.0082832440226151,0.4429213286450859,3,Band Power Distribution (8)
