{
  "val": {
    "acc": 0.9814410480349345,
    "macro_f1": 0.9673488937235948
  },
  "test": {
    "acc": 0.9781659388646288,
    "macro_f1": 0.9579903557306577
  }
}