feature,MI,nMI,nMI_source,H_Y_nats,eval_split,perm_macroF1_drop_mean,perm_macroF1_drop_std,perm_macroF1_baseline,rank_nMI,rank_perm_macroF1_drop,nMI_norm,perm_norm,nMI_plus_perm_norm,group_id,group_name
instf_kurtosis,0.5164595058067636,0.6189328494097446,trainval,0.8344354420666049,test,0.0003485239839105,0.0005606115585517,0.970556108470872,9,27,0.883873855065186,0.0072263242124564,0.8911001792776425,4,Instantaneous Frequency Features (5)
instf_std_Hz,0.5109524669134966,0.612333131066492,trainval,0.8344354420666049,test,-0.0004145881739155,0.0004326360268383,0.970556108470872,11,69,0.874449054781992,-0.0085961044222805,0.8658529503597114,4,Instantaneous Frequency Features (5)
instf_mean_Hz,0.4382410431015417,0.5251946657684768,trainval,0.8344354420666049,test,0.000854146346792,0.0009632493828246,0.970556108470872,24,13,0.7500100121283804,0.0177099388040646,0.767719950932445,4,Instantaneous Frequency Features (5)
instf_dZCR_per_s,0.3739168160696311,0.4481075433991273,trainval,0.8344354420666049,test,-0.0001463934449505,0.0004229445948758,0.970556108470872,28,56,0.6399249001659807,-0.0030353334192994,0.6368895667466812,4,Instantaneous Frequency Features (5)
instf_slope_Hzps,0.1286421350942079,0.1541666719903535,trainval,0.8344354420666049,test,0.0014290305284943,0.000687981016034,0.970556108470872,57,10,0.2201594095783317,0.0296296334976165,0.2497890430759482,4,Instantaneous Frequency Features (5)
