feature,MI,nMI,nMI_source,H_Y_nats,eval_split,perm_macroF1_drop_mean,perm_macroF1_drop_std,perm_macroF1_baseline,rank_nMI,rank_perm_macroF1_drop,nMI_norm,perm_norm,nMI_plus_perm_norm,group_id,group_name
cyclo_halfchip_corr,0.221621870310545,0.2655949869071538,trainval,0.8344354420666049,test,-1.870746291083858e-05,0.0003627450154195,0.970556108470872,48,51,0.3792858388232086,-0.0003878820351741,0.3788979567880345,11,"Extra Cyclo Lags, Chirp Curvature, DME IPIs (5)"
chirp_curvature_Hzps2,0.1394180776905915,0.1670807238787721,trainval,0.8344354420666049,test,-0.0002719199455555,0.001042775266708,0.970556108470872,55,58,0.2386014632486351,-0.0056380099423015,0.2329634533063335,11,"Extra Cyclo Lags, Chirp Curvature, DME IPIs (5)"
cyclo_5chip_corr,0.0855695516755437,0.1025478393674384,trainval,0.8344354420666049,test,-0.0010261099443509,0.0003427695574141,0.970556108470872,61,76,0.1464445685775815,-0.0212754458166909,0.1251691227608905,11,"Extra Cyclo Lags, Chirp Curvature, DME IPIs (5)"
dme_ipi_std_s,0.0179586752590019,0.0215219468800661,trainval,0.8344354420666049,test,0.0010933267119983,0.0002994535031713,0.970556108470872,71,11,0.0307346526776426,0.0226691236637164,0.0534037763413591,11,"Extra Cyclo Lags, Chirp Curvature, DME IPIs (5)"
dme_ipi_med_s,0.0174639093262665,0.0209290119353206,trainval,0.8344354420666049,test,-0.0002829042862446,0.000345774571678,0.970556108470872,72,59,0.0298879054159407,-0.0058657601424121,0.0240221452735286,11,"Extra Cyclo Lags, Chirp Curvature, DME IPIs (5)"
