,NoJam,Chirp,NB,WB
NoJam,0.9903334944417593,0.0043499275012083135,0.005316578057032383,0.0
Chirp,0.08571428571428572,0.9142857142857143,0.0,0.0
NB,0.02512562814070352,0.0,0.9748743718592965,0.0
WB,0.003703703703703704,0.0,0.0,0.9962962962962963
