{
  "npz_load": {
    "count": 12689,
    "mean_ms": 1.0159419418393585,
    "median_ms": 0.7696999999993182,
    "std_ms": 0.5755959550684,
    "min_ms": 0.5896000000014112,
    "max_ms": 13.505800000004342,
    "p90_ms": 1.5933199999999204,
    "p95_ms": 2.0335800000040645,
    "p99_ms": 3.229972000000737
  },
  "spectrogram": {
    "count": 12689,
    "mean_ms": 0.5434031759792001,
    "median_ms": 0.37640000000038754,
    "std_ms": 0.3763190028004227,
    "min_ms": 0.2875000000024386,
    "max_ms": 12.385700000002942,
    "p90_ms": 0.8797999999998751,
    "p95_ms": 1.1475600000025563,
    "p99_ms": 1.8137200000012388
  },
  "inference": {
    "count": 12689,
    "mean_ms": 0.5293182599101576,
    "median_ms": 0.4708583984374959,
    "std_ms": 0.23596983629846982,
    "min_ms": 0.46699980468749985,
    "max_ms": 1.6608994140625,
    "p90_ms": 0.5090078124999897,
    "p95_ms": 0.6872173828124939,
    "p99_ms": 1.6608994140625
  },
  "total": {
    "count": 12689,
    "mean_ms": 1.6880461186854634,
    "median_ms": 1.2542999999993754,
    "std_ms": 0.9293293672953425,
    "min_ms": 0.9548999999999808,
    "max_ms": 15.279800000001842,
    "p90_ms": 2.748900000000276,
    "p95_ms": 3.4786999999980126,
    "p99_ms": 5.082151999997667
  }
}